﻿<?xml version="1.0" encoding="utf-8" ?>
<c2eventsheet>
    <!--All the 'name' attributes are ignored by Construct 2 - they are there for readability only.-->
    <name>Instruction sheet</name>
    <events>
        <event-block sid="4547030685064314">
            <conditions>
                <condition id="6" name="On object clicked" sid="6795376716550548" type="Mouse">
                    <param id="0" name="Mouse button">0</param>
                    <param id="1" name="Click type">0</param>
                    <param id="2" name="Object clicked">Menufrominstruction</param>
                </condition>
            </conditions>
            <actions>
                <action id="-2" name="Go to layout" sid="6540923569325293" type="System">
                    <param id="0" name="Layout">Menu</param>
                </action>
            </actions>
        </event-block>
        <event-block sid="8392651117411895">
            <conditions>
                <condition id="7" name="Cursor is over object" sid="197635995998268" type="Mouse">
                    <param id="0" name="Object">Menufrominstruction</param>
                </condition>
            </conditions>
            <actions>
                <action id="4" name="Set font color" sid="6412709559125742" type="Menufrominstruction">
                    <param id="0" name="Color">rgb(0, 245, 245)</param>
                </action>
                <action id="3" name="Set font size" sid="4963298165169246" type="Menufrominstruction">
                    <param id="0" name="Size (pt)">22</param>
                </action>
            </actions>
        </event-block>
        <event-block sid="9996660149418438">
            <conditions>
                <condition id="7" inverted="1" name="Cursor is over object" sid="3345610020050265" type="Mouse">
                    <param id="0" name="Object">Menufrominstruction</param>
                </condition>
            </conditions>
            <actions>
                <action id="4" name="Set font color" sid="3870337166440121" type="Menufrominstruction">
                    <param id="0" name="Color">rgb(0, 153, 204)</param>
                </action>
                <action id="3" name="Set font size" sid="2256420600167787" type="Menufrominstruction">
                    <param id="0" name="Size (pt)">16</param>
                </action>
            </actions>
        </event-block>
    </events>
</c2eventsheet>
