﻿<?xml version="1.0" encoding="utf-8" ?>
<c2eventsheet>
    <!--All the 'name' attributes are ignored by Construct 2 - they are there for readability only.-->
    <name>Loading sheet</name>
    <events>
        <event-block sid="9673504990459094">
            <conditions>
                <condition id="-2" name="On start of layout" sid="8876585168551108" type="System" />
            </conditions>
            <actions>
                <action id="-16" name="Wait" sid="56547161069397" type="System">
                    <param id="0" name="Seconds">3</param>
                </action>
                <action id="-2" name="Go to layout" sid="6152073378098699" type="System">
                    <param id="0" name="Layout">Menu</param>
                </action>
            </actions>
        </event-block>
    </events>
</c2eventsheet>
