﻿<?xml version="1.0" encoding="utf-8" ?>
<c2uistate>
    <!--This is a UI state file - its content describes the user interface settings when the project was last open.
It is entirely optional and the project will load without it.  If you are placing the project under source control,
you probably do not want to add any .uistate.xml files to the repository.-->
    <configurations>
        <active>
            <configuration name="HTML5" />
        </active>
        <display name="HTML5" />
    </configurations>
    <open-tabs>
        <layout>Game</layout>
        <layout>Game Over</layout>
        <layout>Menu</layout>
        <layout>Credit</layout>
        <layout>Instruction</layout>
        <layout>Highscores</layout>
        <layout>Loading</layout>
        <event-sheet active="1">Game sheet</event-sheet>
        <event-sheet>Game Over sheet</event-sheet>
        <event-sheet>Menu sheet</event-sheet>
        <event-sheet>Credit sheet</event-sheet>
        <event-sheet>Instruction sheet</event-sheet>
        <event-sheet>Highscores sheet</event-sheet>
        <event-sheet>Loading sheet</event-sheet>
    </open-tabs>
    <properties>
        <property expanded="1" name="About" />
        <property expanded="1" name="Project settings" />
        <property expanded="0" name="Window Size" />
        <property expanded="1" name="Configuration Settings" />
    </properties>
    <families-expanded root="1" />
</c2uistate>
